"conversation_id_str","created_at","favorite_count","full_text","id_str","image_url","in_reply_to_screen_name","lang","location","quote_count","reply_count","retweet_count","tweet_url","user_id_str","username"
"1785006273387438334","Mon Apr 29 18:00:34 +0000 2024","0","@vidio kenapa match lavani vs PBS ga bisa diputar??? mau nonton ulang aksi Beik nih","1785006273387438334","","vidio","in","Di TanahAirku, Indonesia","0","1","0","https://twitter.com/Widya_skb/status/1785006273387438334","372755145","Widya_skb"
"1784987684961968170","Mon Apr 29 16:52:54 +0000 2024","0","@vidio ga mau ga ngasih solusi jg.. solusinya itu re-upload match Proliga nya @LavaniForever kemarin TITIK","1784989247428288792","","vidio","in","JC (1) üòá","0","0","0","https://twitter.com/DefVl06/status/1784989247428288792","2449483950","DefVl06"
"1784942779476623424","Mon Apr 29 13:48:15 +0000 2024","0","@vidio nyiarin indo vs usbek gk??","1784942779476623424","","vidio","in","Denpasar, Jakarta","0","2","0","https://twitter.com/radityaputra_/status/1784942779476623424","86374232","radityaputra_"
"1784719150105219270","Mon Apr 29 10:51:29 +0000 2024","0","@vidio Kecewa banget udah berbayar tapi gak bisa nonton tim uber main ","1784898292716810490","","vidio","in","Metro Barat, Indonesia","0","0","0","https://twitter.com/nungkiki/status/1784898292716810490","183950036","nungkiki"
"1784870266088063164","Mon Apr 29 09:59:34 +0000 2024","0","@vidio Ohhhh di court 4 ternyata ga ada kamera emang","1784885227808006416","","vidio","in","","0","0","0","https://twitter.com/PMskk15/status/1784885227808006416","1304725798050381824","PMskk15"
"1784881335057707047","Mon Apr 29 09:53:47 +0000 2024","0","@vidio Lah tau gitu mending saya langganan SPOTV aja‚ÄçÔ∏è Ini sampai final emang ga akan ditayangin apa gimana?","1784883772556513447","","vidio","in","√úT: -6.321956,106.837037","0","1","0","https://twitter.com/sittaazra/status/1784883772556513447","82071507","sittaazra"
"1784882676941377563","Mon Apr 29 09:51:13 +0000 2024","0","@vidio udah min mohon dicek ","1784883126604374476","","vidio","in","Bekasi ","0","1","0","https://twitter.com/wan_iwann8/status/1784883126604374476","1280548072422928389","wan_iwann8"
"1784871664796209609","Mon Apr 29 09:05:40 +0000 2024","0","@vidio saya udah langganan kenapa mau nonton gak bisa ya https://t.co/bFnHUcMLbh","1784871664796209609","https://pbs.twimg.com/media/GMUjUQ0W0AA0ZNj.jpg","vidio","in","","0","1","0","https://twitter.com/day_thatsme/status/1784871664796209609","1631949440469860352","day_thatsme"
"1784809866584109474","Mon Apr 29 05:49:13 +0000 2024","0","@vidio Endingnya kayak Bourne Ultimatum","1784822225365073922","","vidio","in","","0","0","0","https://twitter.com/dn_fadillah/status/1784822225365073922","2518021026","dn_fadillah"
"1784815112899133644","Mon Apr 29 05:20:57 +0000 2024","0","@vidio min voli lavani vs sumsel babel gak bisa di tonton ulang yg tgl 28 kemarin","1784815112899133644","","vidio","in","Kalimantan Tengah, Indonesia","0","1","0","https://twitter.com/Dianrahmad_MD/status/1784815112899133644","84026779","Dianrahmad_MD"
"1784074231371997467","Mon Apr 29 01:12:10 +0000 2024","0","@vidio udh dicek ga ada om malah nayangin suns timberwolves","1784752503550316743","","vidio","in","","0","1","0","https://twitter.com/mibnuy/status/1784752503550316743","86295711","mibnuy"
"1784634244696064215","Sun Apr 28 17:46:01 +0000 2024","0","@vidio Liat komplainannya sama semua tiba¬≤ ga bisa dibuka match bolanya. Tadi nonton Arsenal lancar¬≤ aja.","1784640224506822960","","vidio","in","Jakarta, Indonesia","0","1","0","https://twitter.com/GanisRamadhan14/status/1784640224506822960","614605283","GanisRamadhan14"
"1784634244696064215","Sun Apr 28 17:22:15 +0000 2024","0","@vidio tolonglah buffering mulu ini terus tiba tiba error dan ga bisa di tonton akhirnya. Saya nonton Netflix yg 4K aja ga buffering sama sekali.","1784634244696064215","","vidio","in","Jakarta, Indonesia","0","1","0","https://twitter.com/GanisRamadhan14/status/1784634244696064215","614605283","GanisRamadhan14"
"1784631880849191401","Sun Apr 28 17:20:02 +0000 2024","0","@vidio Halah udah telat gausah","1784633687755370908","","vidio","in","","0","0","0","https://twitter.com/mishimakazuyaaa/status/1784633687755370908","1381716250691178496","mishimakazuyaaa"
"1784631826235207917","Sun Apr 28 17:12:38 +0000 2024","1","@vidio akhir-akhir ini layanan streaming kalian menjengkelkan. Sering dan banyak bufferingnya. Padahal udah ganti-ganti provider internet sampe pindah device sama aja. Please dong perbaikin!! https://t.co/0qYWqRahOq","1784631826235207917","https://pbs.twimg.com/ext_tw_video_thumb/1784631794589143040/pu/img/nR59vgquIVHf8eiX.jpg","vidio","in","","0","1","0","https://twitter.com/ragilwew/status/1784631826235207917","192565985","ragilwew"
"1784625328419373097","Sun Apr 28 16:51:19 +0000 2024","0","@vidio Oke terima kasih Padahal ku langganannya yg multiple device","1784626458167837002","","vidio","in","Nil√ºfer, T√ºrkiye","0","0","0","https://twitter.com/Adhirizkyputra/status/1784626458167837002","60019798","Adhirizkyputra"
"1784156683075494174","Sat Apr 27 10:02:52 +0000 2024","0","@vidio ga usah DM bilangin itu ke komentator diem aja gitu","1784161283312693366","","vidio","in","√úT: -6.9402122,107.7304576","0","0","0","https://twitter.com/titootito/status/1784161283312693366","91787333","titootito"
"1784018784862515500","Sat Apr 27 09:57:50 +0000 2024","0","@vidio males banget harus langganan lg vidio. padahal spotv lebih dulu ada di vision+","1784160015655530972","","vidio","in","Bantul Yogyakarta","0","0","0","https://twitter.com/ginanjartamtomo/status/1784160015655530972","243143110","ginanjartamtomo"
"1784150469377658961","Sat Apr 27 09:19:54 +0000 2024","0","@vidio woiii ini kenapa nonton moto gp tiap Squeeze Frame Ads jadi patah2 kualitasnya sangat MENJENGKELKAN!!!","1784150469377658961","","vidio","in","","0","1","0","https://twitter.com/rizatomawa/status/1784150469377658961","78517462","rizatomawa"
"1784150453388968105","Sat Apr 27 09:19:50 +0000 2024","0","@vidio min kenapa nda bisa beli paket ini? https://t.co/35OxIRrP0m","1784150453388968105","https://pbs.twimg.com/media/GMKTYcLakAAvSqD.jpg","vidio","in","Morosi.","0","1","0","https://twitter.com/ardian_mp/status/1784150453388968105","345920596","ardian_mp"
"1784139658559172846","Sat Apr 27 09:14:06 +0000 2024","0","@vidio sudah saya dm ya min","1784149008090554766","","vidio","in","","0","1","0","https://twitter.com/txtdarioren/status/1784149008090554766","1296667991703093248","txtdarioren"
"1784018784862515500","Sat Apr 27 09:10:05 +0000 2024","0","@vidio @nengdarma Ku kira akunku yg eror. Kok delay. Pdahal masih lumayan lama. Ternyata https://t.co/R3QRd5TVCw","1784147998806831573","https://pbs.twimg.com/media/GMKRJnFaYAAYzsT.jpg","vidio","in","Indonesia","0","0","0","https://twitter.com/just_anomTok/status/1784147998806831573","422326406","just_anomTok"
"1784018784862515500","Sat Apr 27 08:38:41 +0000 2024","0","@vidio @lilily08 mending gak usah","1784140095978905662","","vidio","in","Indonesia","0","0","0","https://twitter.com/lovelymiloooo/status/1784140095978905662","1719311487729324032","lovelymiloooo"
"1784139658559172846","Sat Apr 27 08:36:56 +0000 2024","0","@vidio kenapa vidio di ipad gabisa ya min? udah 2 bulan masih seperti ini terus. https://t.co/ll1RC9irha","1784139658559172846","https://pbs.twimg.com/media/GMKJkIeaYAE-ayC.jpg","vidio","in","","0","1","0","https://twitter.com/txtdarioren/status/1784139658559172846","1296667991703093248","txtdarioren"
"1784018784862515500","Sat Apr 27 08:27:03 +0000 2024","11","@vidio Ya dah gak usah nonton aj...","1784137169025806353","","vidio","in","","0","2","0","https://twitter.com/masyoko/status/1784137169025806353","60115143","masyoko"
"1784117719081885812","Sat Apr 27 07:14:31 +0000 2024","0","@vidio @BadmintonTalk Min.. jgn nge-jinx ","1784118917465813101","","vidio","in","","0","0","0","https://twitter.com/marigold_07/status/1784118917465813101","1060040158894940160","marigold_07"
"1784018784862515500","Sat Apr 27 07:05:21 +0000 2024","0","@vidio aku hanya langganan spotv Kak","1784116608136548722","","vidio","in","Tangerang, Indonesia","0","0","0","https://twitter.com/nengdarma/status/1784116608136548722","238907288","nengdarma"
"1784100832881103319","Sat Apr 27 06:42:11 +0000 2024","0","@vidio kalo delay buat apa subscribe min ","1784110779152965804","","vidio","in","Yogyakarta, Indonesia","0","0","0","https://twitter.com/Annisasugest/status/1784110779152965804","2500650818","Annisasugest"
"1784018784862515500","Sat Apr 27 06:28:21 +0000 2024","0","@vidio Lah ngapain tayangan delay apa serunya mana negara sendiri siaran tunda. Payah emang kalau ginj terus subscriber ya males langganan lagi.","1784107298228777387","","vidio","in","Jakarta Capital Region, Indonesia","0","0","0","https://twitter.com/herisantiko/status/1784107298228777387","94732921","herisantiko"
"1784105531277557880","Sat Apr 27 06:26:49 +0000 2024","0","@vidio Ya ngapain beli hak siar kalau negara sendiri majn ga ditayangin malah nayangin negara lain. Ini kan Thomas Uber bukan Thomas aja hadehhh","1784106910826021191","","vidio","in","Jakarta Capital Region, Indonesia","0","0","0","https://twitter.com/herisantiko/status/1784106910826021191","94732921","herisantiko"
"1784092184066842834","Sat Apr 27 06:18:51 +0000 2024","0","@vidio Oke Kak ","1784104908234567830","","vidio","tl","Kediri, Jawa Timur","0","0","0","https://twitter.com/Rocky2197/status/1784104908234567830","1828374578","Rocky2197"
"1784018784862515500","Sat Apr 27 06:18:22 +0000 2024","1","@vidio @lilily08 Waduw ngapain juga nayangin negara sendiri di delay agak lain emang","1784104784209063958","","vidio","in","Jakarta Capital Region, Indonesia","0","1","0","https://twitter.com/herisantiko/status/1784104784209063958","94732921","herisantiko"
"1784018784862515500","Sat Apr 27 06:17:33 +0000 2024","0","@vidio @liebeslieid Uber indo vs hongkong ga ada?","1784104579342479457","","vidio","in","Jakarta Capital Region, Indonesia","0","1","0","https://twitter.com/herisantiko/status/1784104579342479457","94732921","herisantiko"
"1784092552871989437","Sat Apr 27 06:09:19 +0000 2024","0","@vidio @sudahtidakbotak hesssss tiwas langganan","1784102508526481471","","vidio","in","√úT: -7.7309076,110.4473756","0","0","0","https://twitter.com/NanangWisnu_/status/1784102508526481471","279937113","NanangWisnu_"
"1784100832881103319","Sat Apr 27 06:02:40 +0000 2024","0","@vidio min ini uber yg vs hongkong ga ditayangin kah?????????","1784100832881103319","","vidio","in","Yogyakarta, Indonesia","0","2","0","https://twitter.com/Annisasugest/status/1784100832881103319","2500650818","Annisasugest"
"1784100196219224432","Sat Apr 27 06:00:08 +0000 2024","0","@vidio yg uber ada ga sii udh subscribe tp kok adanya thomas doang ya min","1784100196219224432","","vidio","in","Yogyakarta, Indonesia","0","0","0","https://twitter.com/Annisasugest/status/1784100196219224432","2500650818","Annisasugest"
"1783737934438649916","Fri Apr 26 06:05:53 +0000 2024","0","@vidio Timnas yang semua kelompok umur ya min?","1783739256978174154","","vidio","in","Black Swan Sharon Mina's heart","0","0","0","https://twitter.com/minatagram37/status/1783739256978174154","1013380231200006145","minatagram37"
"1783736483192717315","Fri Apr 26 05:54:52 +0000 2024","0","@vidio ini padahal kan masih subscribe sampai juli atau memang hanya bisa dipakai di tv aja? Gabisa dipakai di hp. https://t.co/4p7Vb8wTFR","1783736483192717315","https://pbs.twimg.com/media/GMEa4NWaIAATE0b.jpg","vidio","in","Connecticut, USA","0","1","0","https://twitter.com/Jaenees1/status/1783736483192717315","1150357923677134848","Jaenees1"
"1783730374163812572","Fri Apr 26 05:53:23 +0000 2024","0","@vidio ada promo gk kak","1783736111757689248","","vidio","in","","0","1","0","https://twitter.com/onyourmarkllee/status/1783736111757689248","1278681163335266304","onyourmarkllee"
"1783734129122832798","Fri Apr 26 05:45:31 +0000 2024","0","@vidio layanan vidio platinum 1 bulan bisa akses SPOTV ga sih? Salah beli takutnya nih.","1783734129122832798","","vidio","in","","0","1","0","https://twitter.com/daguan26/status/1783734129122832798","126863118","daguan26"
"1783701913760104626","Fri Apr 26 04:26:19 +0000 2024","0","@vidio @mstofa_ Cc @salapoyo pada begini ih ternyata","1783714200063533564","","vidio","in","","0","1","0","https://twitter.com/mistaeribox/status/1783714200063533564","1380141809263779841","mistaeribox"
"1783713780683419907","Fri Apr 26 04:24:39 +0000 2024","0","@vidio min kalau beli paket ini bisa buat di TV kan? https://t.co/1jTO3LGpOf","1783713780683419907","https://pbs.twimg.com/media/GMEGOwDaMAAD6z1.jpg","vidio","in","Yogyakarta, Indonesia","0","1","0","https://twitter.com/sweetbabyka/status/1783713780683419907","227707187","sweetbabyka"
"1783703381787435058","Fri Apr 26 03:55:24 +0000 2024","0","@vidio Jelasin kenapa Knicks-Sixers &amp; Magic-Cavs bisa tayang?","1783706417821872244","","vidio","in","Malang","0","0","0","https://twitter.com/goesdut/status/1783706417821872244","162036484","goesdut"
"1783701913760104626","Fri Apr 26 03:37:30 +0000 2024","0","@vidio Min mau nonton siaran Proliga BJB vs Pertamina kok nggak bisa diplay yaa. Failed to load terus. Emang error atau bagaimana ya? BIN vs Livin bisa Lavani vs Garuda juga bisa diplay","1783701913760104626","","vidio","in","","0","1","0","https://twitter.com/mstofa_/status/1783701913760104626","1477546668","mstofa_"
"1783696390641869200","Fri Apr 26 03:15:33 +0000 2024","0","@vidio woi napa lakers ga disiarin dah bayar sebulan buat lakers malah gaada","1783696390641869200","","vidio","in","","0","1","0","https://twitter.com/fr0steeXD/status/1783696390641869200","161336968","fr0steeXD"
"1783692578606498115","Fri Apr 26 03:00:24 +0000 2024","0","@vidio Lakers Nuggets kok gak jadi ditayangin kak?","1783692578606498115","","vidio","in","Bandarlampung","0","1","0","https://twitter.com/yudistiradit/status/1783692578606498115","229113730","yudistiradit"
"1783687608771719657","Fri Apr 26 02:43:41 +0000 2024","0","@vidio @justdebss Aih pantes abis begadang rela in bangun pagi malah gk tayang.","1783688368859251009","","vidio","in","Jakarta Capital Region, Indone","0","0","0","https://twitter.com/pingingendutttt/status/1783688368859251009","1074159462108151809","pingingendutttt"
"1783685911651426517","Fri Apr 26 02:33:55 +0000 2024","0","@vidio min! NBA lg playoff kok game nya dikit gak kayak taun lalu. Sekarang vidio apa2 paketnya bayar lebih terus loh","1783685911651426517","","vidio","in","","0","2","0","https://twitter.com/singgiihh/status/1783685911651426517","70894085","singgiihh"
"1783676956204310780","Fri Apr 26 02:05:38 +0000 2024","0","@vidio Ok min sudah saya dm","1783678795154927705","","vidio","in","","0","1","0","https://twitter.com/iniakuoway/status/1783678795154927705","1171634233871405058","iniakuoway"
"1783676956204310780","Fri Apr 26 02:02:17 +0000 2024","0","@vidio Sudah ketemu di paling bawah cuman yaa belum menjadi kesatuan deket highlight terimakasih responnya admin","1783677949834924145","","vidio","in","","0","0","0","https://twitter.com/iniakuoway/status/1783677949834924145","1171634233871405058","iniakuoway"
"1783445152897577351","Thu Apr 25 17:59:56 +0000 2024","0","@vidio min laga tunda Udinese Vs Roma live vidio gak?","1783556566429597955","","vidio","in","Balen - Bojonegoro","0","1","0","https://twitter.com/RizalBojesz/status/1783556566429597955","775708970","RizalBojesz"
"1783493701895094536","Thu Apr 25 14:51:39 +0000 2024","0","@vidio Terima kasih kembali ditunggu kabar baiknya ","1783509183020826822","","vidio","in","","0","0","0","https://twitter.com/andryn170403/status/1783509183020826822","1401184962146045954","andryn170403"
"1783441134586638543","Thu Apr 25 13:42:32 +0000 2024","0","@vidio Haduh min mohon konfirmasinya sekali lagi Thomas Uber Cup 2024 tayang di channel SPOTV Vidio kan??","1783491788877205842","","vidio","in","Arjawinangun, Indonesia","0","1","0","https://twitter.com/dian_9395/status/1783491788877205842","1051834850","dian_9395"
"1783480769782202651","Thu Apr 25 12:58:45 +0000 2024","0","@vidio ini sy knp ga bs ntn Liga 1 di laptop? biasanya bs cm di hp aja bs ny. pdhl paket diamond sy aktif nya otomatis https://t.co/HUgSHJEV6h","1783480769782202651","https://pbs.twimg.com/media/GMAyTHCbcAAwBPZ.jpg","vidio","in","Bandung, Indonesia","0","1","0","https://twitter.com/imunk_7/status/1783480769782202651","323157800","imunk_7"
"1783463124722762168","Thu Apr 25 11:48:38 +0000 2024","0","@vidio cara daftar paket mahasiswa gimana ya? Domain kampus saya https://t.co/hhf9ZP7NQi jadi gabisa","1783463124722762168","","vidio","in","","0","1","0","https://twitter.com/fariqrafael_/status/1783463124722762168","1174057552289550336","fariqrafael_"
"1783098687616606576","Wed Apr 24 11:40:30 +0000 2024","0","@vidio #Tertipu terlanjur beli packet ternyata #TakAda_Live_Proliga2024 damn . . . . . . . . Beda sensasinya nonton Live dg siaran ulang","1783098687616606576","","vidio","in","","0","1","0","https://twitter.com/BenjaminBanglor/status/1783098687616606576","2214855259","BenjaminBanglor"
"1783098077387407675","Wed Apr 24 11:38:04 +0000 2024","0","@vidio sering banget error livestreaming radio di android tv. Kenapa ya ? https://t.co/Ppuegildd2","1783098077387407675","https://pbs.twimg.com/media/GL7WPrCawAAw8aT.jpg","vidio","in","Indonesia","0","1","0","https://twitter.com/irulrizal/status/1783098077387407675","24703599","irulrizal"
"1783092496815579542","Wed Apr 24 11:15:54 +0000 2024","0","@vidio min paket platinum bisa buat di tv juga ga? Kalau mau nonton proliga platinum kan ya?","1783092496815579542","","vidio","in","","0","1","0","https://twitter.com/langityangbiiru/status/1783092496815579542","1605821013971079168","langityangbiiru"
"1782863448524939647","Tue Apr 23 20:12:25 +0000 2024","0","@vidio Hanya DM saja?","1782865127576080777","","vidio","in","","0","1","0","https://twitter.com/xzibit017/status/1782865127576080777","762245451764465665","xzibit017"
"1782863448524939647","Tue Apr 23 20:12:09 +0000 2024","0","@vidio Masalah tanpa solusi ini kan jadinya?","1782865063252287911","","vidio","in","","0","0","0","https://twitter.com/xzibit017/status/1782865063252287911","762245451764465665","xzibit017"
"1782863448524939647","Tue Apr 23 20:11:28 +0000 2024","0","@vidio Gak bisa DM lah bossssss... Masak gak paham aturan X sekarang?","1782864889096397083","","vidio","in","","0","0","0","https://twitter.com/xzibit017/status/1782864889096397083","762245451764465665","xzibit017"
"1782863448524939647","Tue Apr 23 20:05:44 +0000 2024","0","@vidio paket gw aktif lah napa gw gk bs nonton film2? Aneh aplikasi lu epl juga delay2 mulu. Masalah lo apa sih sm pelanggan lo? https://t.co/azrpUaK4HA","1782863448524939647","https://pbs.twimg.com/media/GL4A28xbYAMN6GJ.jpg","vidio","in","","0","1","0","https://twitter.com/xzibit017/status/1782863448524939647","762245451764465665","xzibit017"
"1782692376366239763","Tue Apr 23 10:29:59 +0000 2024","0","@vidio @wahjoewebee Kabar baik ini segera rilis tolong ya min. Auto banyak yg nonton pasti","1782718553378218496","","vidio","in","","0","0","0","https://twitter.com/reyshptr/status/1782718553378218496","965471359","reyshptr"
"1782622593604030556","Tue Apr 23 04:10:38 +0000 2024","0","@vidio Yaaaah okelah tq min","1782623086699057155","","vidio","in","lihat di belakangmu sekarang","0","0","0","https://twitter.com/Fraansss/status/1782623086699057155","80821227","Fraansss"
"1782610101360324865","Tue Apr 23 03:19:02 +0000 2024","0","@vidio LAKERS MANA KENAPA GADITAYANGIN","1782610101360324865","","vidio","in","Corpus Christi, TX","0","1","0","https://twitter.com/__Raihan/status/1782610101360324865","179364734","__Raihan"
"1782607271895388514","Tue Apr 23 03:09:16 +0000 2024","0","@vidio Asem mending gausah langganan ","1782607645498900611","","vidio","in","","0","0","0","https://twitter.com/Gusde_IBWU/status/1782607645498900611","79671585","Gusde_IBWU"
"1782607271895388514","Tue Apr 23 03:07:47 +0000 2024","0","@vidio udah langganan premium Lakers vs Nuggets ga disiarin? Kenapa ya?","1782607271895388514","","vidio","in","","0","1","0","https://twitter.com/Gusde_IBWU/status/1782607271895388514","79671585","Gusde_IBWU"
"1782604211483730275","Tue Apr 23 03:00:32 +0000 2024","0","@vidio Apakah bakal lengkap? Pengen nonton babang lebron :(","1782605448321093917","","vidio","in","","0","1","0","https://twitter.com/gundala_geledek/status/1782605448321093917","994544172064370688","gundala_geledek"
"1782598384295284897","Tue Apr 23 02:33:50 +0000 2024","0","@vidio Jam segini ga ada live NBA?","1782598728135958810","","vidio","in","Brooklyn, NY","0","1","0","https://twitter.com/nanascrispyy/status/1782598728135958810","1006584011832025088","nanascrispyy"
"1781310090777342406","Tue Apr 23 02:05:17 +0000 2024","1","@vidio Ini playoffs gk ditayangin semua? Mau nnton lakers padahal nyesel langganan wkwk","1782591544740151300","","vidio","in","DKI Jakarta, Indonesia","0","1","0","https://twitter.com/ibungdian/status/1782591544740151300","1712664672","ibungdian"
"1782262950654607509","Mon Apr 22 04:24:06 +0000 2024","0","@vidio ditunggu ya min. saya sampai udah langganan platinum ","1782264091022963173","","vidio","in","","0","0","0","https://twitter.com/pwettyczeni/status/1782264091022963173","1402243496661065740","pwettyczeni"
"1782224560299139127","Mon Apr 22 01:47:01 +0000 2024","0","@vidio lagi error kah? login failed terus nih","1782224560299139127","","vidio","in","Working Hours 08:00-21:00","1","1","0","https://twitter.com/venusfireee/status/1782224560299139127","1457353859504828417","venusfireee"
"1782219793950777543","Mon Apr 22 01:28:05 +0000 2024","0","@vidio kenapa belum ada highlights elclasico pagi dini hari tadi ya? https://t.co/ZLlyxOr8jW","1782219793950777543","https://pbs.twimg.com/media/GLu3dRCacAAcQE5.jpg","vidio","in","Banjarnegara, Indonesia","0","1","0","https://twitter.com/helmi__mr/status/1782219793950777543","127064231","helmi__mr"
"1782074309323985117","Sun Apr 21 15:49:59 +0000 2024","0","@vidio taik banget sinyalnya","1782074309323985117","","vidio","in","Jakarta","0","1","0","https://twitter.com/sipow/status/1782074309323985117","18187678","sipow"
"1782063298533285976","Sun Apr 21 15:45:33 +0000 2024","0","@vidio Udah aman min. Makasih responsnya.","1782073194746425495","","vidio","in","","0","0","0","https://twitter.com/sofaharistiawan/status/1782073194746425495","632658127","sofaharistiawan"
"1782059314427085093","Sun Apr 21 14:50:24 +0000 2024","0","@vidio min ini kenapa ya.. gagal terus. Ganti payment lain juga tetep gagal. Tolong pencerahan min. Balas yaaaa..cepet!! https://t.co/IvP61MH0oK","1782059314427085093","https://pbs.twimg.com/ext_tw_video_thumb/1782059300137107456/pu/img/z5A1p-UbblahOGpq.jpg","vidio","in","heaven","0","1","0","https://twitter.com/biasce/status/1782059314427085093","202921501","biasce"
"1782055422930956708","Sun Apr 21 14:34:56 +0000 2024","0","@vidio tayangan Conventry Cuty vs Manutd tayangan tidak jalan https://t.co/3UoIbFSOkj","1782055422930956708","https://pbs.twimg.com/ext_tw_video_thumb/1782055342454820864/pu/img/lKphYjEINq042GfL.jpg","vidio","in","","0","1","0","https://twitter.com/FadliMuhRizky/status/1782055422930956708","65406255","FadliMuhRizky"
"1782053977766625450","Sun Apr 21 14:29:11 +0000 2024","0","@vidio knp nih errorrrrr https://t.co/Uu7zxlRAIw","1782053977766625450","https://pbs.twimg.com/media/GLsgpI2awAAHeay.jpg","vidio","in","Balikpapan, Kalimantan Timur","0","1","0","https://twitter.com/thecalmboii/status/1782053977766625450","1184193185926406144","thecalmboii"
"1782030423637504403","Sun Apr 21 12:55:36 +0000 2024","0","@vidio hallo min kok paket saya tidak aktif ya padahal telah melakukan pembayaran","1782030423637504403","","vidio","in","","0","0","0","https://twitter.com/tommyalexander/status/1782030423637504403","81721729","tommyalexander"
"1781757149762515439","Sat Apr 20 19:18:03 +0000 2024","0","@vidio oke makasi min.","1781764283698991462","","vidio","tl","endonesa","0","0","0","https://twitter.com/weemte/status/1781764283698991462","2252828544","weemte"
"1781757843785560345","Sat Apr 20 18:57:17 +0000 2024","0","@vidio Oh gangguan dari tadi ini masalahnya loh ditungguin kenapa gak ada info dlu sebelum di komplain dah ","1781759057340301581","","vidio","in","Jakarta","0","1","0","https://twitter.com/m_fahdayub/status/1781759057340301581","241091966","m_fahdayub"
"1781755961213960542","Sat Apr 20 18:56:45 +0000 2024","0","@vidio Oh gangguan dari tadi ini masalahnya loh ditungguin kenapa gak ada info dlu sebelum di komplain dah ","1781758922476683494","","vidio","in","Jakarta","0","1","0","https://twitter.com/m_fahdayub/status/1781758922476683494","241091966","m_fahdayub"
"1781756590737305933","Sat Apr 20 18:53:14 +0000 2024","0","@vidio ITU LIAT POSTINGAN GUE LAH BANGSAT SIARAN LU GAADA BLOK","1781758036807458853","","vidio","in","North London","0","1","0","https://twitter.com/sepupu_ozil/status/1781758036807458853","1702025269849243650","sepupu_ozil"
"1781756590737305933","Sat Apr 20 18:50:35 +0000 2024","0","@vidio GA ADA VPN TOT. TBTB ILANG SIARANG BANGSAT","1781757371016270257","","vidio","in","North London","0","1","0","https://twitter.com/sepupu_ozil/status/1781757371016270257","1702025269849243650","sepupu_ozil"
"1781757011904094708","Sat Apr 20 18:49:09 +0000 2024","0","@vidio oy mau nonton arsenal kenapa ga bisa?!???","1781757011904094708","","vidio","in","Arsenal","0","1","0","https://twitter.com/riocancerio/status/1781757011904094708","202624419","riocancerio"
"1781756429965422729","Sat Apr 20 18:46:50 +0000 2024","0","@vidio woi ini stream match arsenal ko gabisa. Udh di restrat udah segimanain ttp gabisaaa. Perbaikin lah","1781756429965422729","","vidio","in","Jakarta Capital Region, Indone","0","1","0","https://twitter.com/needtyzyn/status/1781756429965422729","90372272","needtyzyn"
"1781752617456283944","Sat Apr 20 18:44:26 +0000 2024","0","@vidio Terima kasih min ","1781755825939513804","","vidio","in","jakarta","0","0","0","https://twitter.com/sfbima/status/1781755825939513804","1448390240","sfbima"
"1781752617456283944","Sat Apr 20 18:39:15 +0000 2024","0","@vidio @DepropFH25 Woi min masih blom bisa ","1781754517920592241","","vidio","in","jakarta","0","1","0","https://twitter.com/sfbima/status/1781754517920592241","1448390240","sfbima"
"1781753503469518928","Sat Apr 20 18:35:13 +0000 2024","0","@vidio kenapa Wolves vs Arsenal kaya gini tampilannya?? https://t.co/LMg2Vnz2Cy","1781753503469518928","https://pbs.twimg.com/media/GLoPXfOakAAevji.jpg","vidio","in","","0","1","0","https://twitter.com/diazpradipta/status/1781753503469518928","265351432","diazpradipta"
"1781752617456283944","Sat Apr 20 18:35:08 +0000 2024","0","@vidio @yogisblitar Coba dicek sendiri deh sebelum komen ginian orang komplen tuh dibenerin bukan dibingungin. Bayar subs mahal2 begini doang. https://t.co/WypBfKaVnE","1781753482955120850","https://pbs.twimg.com/tweet_video_thumb/GLoPVeta4AAW8qz.jpg","vidio","in","Jakarta - Tegal","0","1","0","https://twitter.com/DepropFH25/status/1781753482955120850","569925878","DepropFH25"
"1781752645612720260","Sat Apr 20 18:31:48 +0000 2024","0","@vidio ketiduran bang?","1781752645612720260","","vidio","in","jakarta","0","1","0","https://twitter.com/_rafi13/status/1781752645612720260","230657535","_rafi13"
"1781752617456283944","Sat Apr 20 18:31:42 +0000 2024","0","@vidio Arsenal vs Wolves kok gak iso su? Wis mulai iki cok","1781752617456283944","","vidio","in","Balikpapan, Kalimantan Timur","0","1","0","https://twitter.com/yogisblitar/status/1781752617456283944","261654905","yogisblitar"
"1781749569778557362","Sat Apr 20 18:19:35 +0000 2024","0","@vidio kok gak bisa sih ini https://t.co/lBgBsgmYDZ","1781749569778557362","https://pbs.twimg.com/ext_tw_video_thumb/1781749508793384960/pu/img/sQ0qh99vzcOYpa7g.jpg","vidio","in","Jakarta, Indonesia","0","4","0","https://twitter.com/dimas_okt/status/1781749569778557362","16464844","dimas_okt"
"1781747292191813709","Sat Apr 20 18:10:32 +0000 2024","0","@vidio min tolong follow up kendala via dm segera ya makasih","1781747292191813709","","vidio","in","","0","1","0","https://twitter.com/adlxxxx/status/1781747292191813709","565248217","adlxxxx"
"1781700989382508929","Sat Apr 20 15:06:32 +0000 2024","0","@vidio proliga free kan? Atau harus langganan?","1781700989382508929","","vidio","in","","0","1","0","https://twitter.com/EllenAgustinaV1/status/1781700989382508929","1450002804173537288","EllenAgustinaV1"
"1781615293225488443","Sat Apr 20 14:35:35 +0000 2024","0","@vidio Terima kasih","1781693198148210887","","vidio","in","","0","0","0","https://twitter.com/Aazi_/status/1781693198148210887","2349476588","Aazi_"
"1781680436445626700","Sat Apr 20 13:44:52 +0000 2024","0","@vidio kenapa mau akses vidio gak bisa2 ya? 3 perangkat saya coba tp muter2 terus?","1781680436445626700","","vidio","in","Kota Surabaya, Jawa Timur","0","1","0","https://twitter.com/WhisnuWiranata/status/1781680436445626700","1418943195224973322","WhisnuWiranata"
"1781673252454367366","Sat Apr 20 13:36:42 +0000 2024","0","@vidio DM sebulan gaada perubahan blok","1781678381106635088","","vidio","in","","0","1","0","https://twitter.com/arifsidy/status/1781678381106635088","1729725708703080448","arifsidy"
"1781635942513840301","Sat Apr 20 10:59:25 +0000 2024","0","@vidio pakai platinum mahasiswa bisa kan kak? nonton FA Cup nanti malam Chelsea vs Manchester City","1781638796800319930","","vidio","in","","0","1","0","https://twitter.com/anggpermadi/status/1781638796800319930","850826017","anggpermadi"
"1781635942513840301","Sat Apr 20 10:54:05 +0000 2024","0","@vidio saat ini saya sudah langganan paket liga inggris apakah bisa ditumpuk dengan paket platinum/diamond?","1781637457806770343","","vidio","in","","0","1","0","https://twitter.com/anggpermadi/status/1781637457806770343","850826017","anggpermadi"
"1781635942513840301","Sat Apr 20 10:48:04 +0000 2024","0","@vidio saya mau menonton FA Cup Chelsea vs Manchester City harus langganan paket yg mana ya?","1781635942513840301","","vidio","in","","0","1","0","https://twitter.com/anggpermadi/status/1781635942513840301","850826017","anggpermadi"
"1781623141552537914","Sat Apr 20 10:01:34 +0000 2024","0","@vidio Oalah saran buat ditaro jg dong TnC/keterangan di page detail subscription disemua jenis app.","1781624238816035220","","vidio","in","Bandung, Indonesia","0","0","0","https://twitter.com/irfannurhakim/status/1781624238816035220","44984017","irfannurhakim"
"1781623141552537914","Sat Apr 20 09:57:12 +0000 2024","0","@vidio punya active subscription utk Liga 1 tp pas mau nonton kok suruh beli? piye? https://t.co/avyJ4E3UBR","1781623141552537914","https://pbs.twimg.com/media/GLmYzZSboAEac-v.jpg","vidio","in","Bandung, Indonesia","0","2","0","https://twitter.com/irfannurhakim/status/1781623141552537914","44984017","irfannurhakim"
"1781615293225488443","Sat Apr 20 09:26:01 +0000 2024","0","@vidio Min untuk pembayaran paket tolong dong tambahkan opsi pembayaran via transfer Bank ","1781615293225488443","","vidio","in","","0","1","0","https://twitter.com/Aazi_/status/1781615293225488443","2349476588","Aazi_"
"1781601198631686512","Sat Apr 20 08:40:01 +0000 2024","0","@vidio Kualitas siaran lu jelek banget","1781603719328805019","","vidio","in","Kota Bandung, Jawa Barat","0","1","0","https://twitter.com/HardiFuazen/status/1781603719328805019","189832082","HardiFuazen"
"1781601198631686512","Sat Apr 20 08:30:00 +0000 2024","0","@vidio buffering mulu nih ah malesin banget","1781601198631686512","","vidio","in","Kota Bandung, Jawa Barat","0","1","0","https://twitter.com/HardiFuazen/status/1781601198631686512","189832082","HardiFuazen"
"1781530113622044964","Sat Apr 20 03:47:32 +0000 2024","0","@vidio muncul iklan secara terus menerus pada akun gratis. Apa memang seperti ini jika akun gratis? https://t.co/Dl4jLgdkXT","1781530113622044964","https://pbs.twimg.com/ext_tw_video_thumb/1781530025797578753/pu/img/IMTdhfYvCS6oBX1_.jpg","vidio","in","","0","0","0","https://twitter.com/Deektra/status/1781530113622044964","1106891219437641728","Deektra"
"1781322139389620374","Fri Apr 19 14:05:47 +0000 2024","0","@vidio walah dalah. kalo diamond?","1781323312720953469","","vidio","in","","0","1","0","https://twitter.com/MadPandazx/status/1781323312720953469","1408542962963779584","MadPandazx"
"1781322139389620374","Fri Apr 19 14:01:08 +0000 2024","0","@vidio min kalo beli platinum apakah sudah termasuk dengan spotv? terimakasih","1781322139389620374","","vidio","in","","0","1","0","https://twitter.com/MadPandazx/status/1781322139389620374","1408542962963779584","MadPandazx"
"1781310090777342406","Fri Apr 19 13:13:15 +0000 2024","0","@vidio play off nba ditayangin gk min? Kalo iya mau beli paket nih","1781310090777342406","","vidio","in","DKI Jakarta, Indonesia","0","1","0","https://twitter.com/ibungdian/status/1781310090777342406","1712664672","ibungdian"
"1781253822658367563","Fri Apr 19 12:39:22 +0000 2024","0","@vidio Sdh DM ya","1781301563182678368","","vidio","in","","0","0","0","https://twitter.com/3vi02/status/1781301563182678368","1532136577539121153","3vi02"
"1779512483046473885","Sun Apr 14 14:11:50 +0000 2024","0","@vidio yaudah dah makasih jawabannya mba","1779512895321387062","","vidio","in","","0","0","0","https://twitter.com/aarifqiii/status/1779512895321387062","1228121704469188611","aarifqiii"
"1779512483046473885","Sun Apr 14 14:10:12 +0000 2024","0","@vidio gamau nayangin lakers apa gimana dah?","1779512483046473885","","vidio","in","","0","1","0","https://twitter.com/aarifqiii/status/1779512483046473885","1228121704469188611","aarifqiii"
"1779503945121198590","Sun Apr 14 13:36:16 +0000 2024","0","@vidio kok sekarang saya jadi tidak bisa nonton konten-konten paket platinum di henpon saya? Tapi nonton di smart TV bisa. Padahal masa langganan masih aktif. https://t.co/GzqKuAnqDP","1779503945121198590","https://pbs.twimg.com/media/GLIRZyWbEAAZLgS.jpg","vidio","in","Jakarta","0","1","0","https://twitter.com/robertdenura/status/1779503945121198590","69583029","robertdenura"
"1779191523885908177","Sat Apr 13 17:06:45 +0000 2024","0","@vidio males gue DM udah DM yg bales yg cs yg lain2 lagi. liat aja yg bales ini juga beda lagi.","1779194525292101971","","vidio","in","GMT +7","0","1","0","https://twitter.com/ininawawi/status/1779194525292101971","978623343577321472","ininawawi"
"1779191523885908177","Sat Apr 13 16:54:49 +0000 2024","0","@vidio udah langganan malah bayar 2x. tapi engga bisa. bagaimana nihhh? https://t.co/6zbam7lBl6","1779191523885908177","https://pbs.twimg.com/media/GLD1Qb4bIAASXtU.jpg","vidio","in","GMT +7","0","1","0","https://twitter.com/ininawawi/status/1779191523885908177","978623343577321472","ininawawi"
"1779186505204060242","Sat Apr 13 16:38:53 +0000 2024","0","@vidio Ok cek dm min","1779187511593705655","","vidio","in","","0","1","0","https://twitter.com/Bluebliblo/status/1779187511593705655","1239148722325344260","Bluebliblo"
"1779186505204060242","Sat Apr 13 16:34:53 +0000 2024","0","@vidio ini knp dhhhhhh kok loading2 mulu streaming di aplikasi lain lancar pdhl","1779186505204060242","","vidio","in","","0","1","0","https://twitter.com/Bluebliblo/status/1779186505204060242","1239148722325344260","Bluebliblo"
"1779115013741187539","Sat Apr 13 11:50:48 +0000 2024","0","@vidio cek dm min","1779115013741187539","","vidio","in","Zurich, Switzerland","0","1","0","https://twitter.com/hmbhay/status/1779115013741187539","565162548","hmbhay"
"1779097149848146057","Sat Apr 13 10:39:49 +0000 2024","0","@vidio min baru langganan tapi gabisa nonton. cdm ya.","1779097149848146057","","vidio","in","diary  of  a  princess","0","1","0","https://twitter.com/wotlly/status/1779097149848146057","1495795327","wotlly"
"1778805554741404016","Fri Apr 12 15:21:07 +0000 2024","0","@vidio halo min aku udh beli paket langganan tapi kok ga bisa diakses?","1778805554741404016","","vidio","in","","0","1","0","https://twitter.com/nulaipe/status/1778805554741404016","1696546520836067328","nulaipe"
"1778503206353711115","Thu Apr 11 19:22:23 +0000 2024","0","@vidio cek dm min","1778503883775750508","","vidio","in","Milano, Lombardia","0","1","0","https://twitter.com/waahyun/status/1778503883775750508","97628332","waahyun"
"1778191006137262334","Wed Apr 10 22:44:36 +0000 2024","0","@vidio bls yah","1778192384435818854","","vidio","in","","0","1","0","https://twitter.com/anyrsxv/status/1778192384435818854","1677705278123548673","anyrsxv"
"1778191006137262334","Wed Apr 10 22:39:07 +0000 2024","0","@vidio tolong dong ini kenapa ya baru bgt login mau nntn gabisa udh coba uninstal dan clear chace ttp gabisaa https://t.co/kVSDrEYoog","1778191006137262334","https://pbs.twimg.com/media/GK1nS27bIAQavrN.jpg","vidio","in","","0","1","0","https://twitter.com/anyrsxv/status/1778191006137262334","1677705278123548673","anyrsxv"
"1465565011221237766","Wed Apr 10 06:32:58 +0000 2024","0","@vidio Sediihh","1777947863596892313","","vidio","in","walking on flowery road","0","1","0","https://twitter.com/intoxicatae/status/1777947863596892313","111506687","intoxicatae"
"1465565011221237766","Wed Apr 10 06:31:19 +0000 2024","0","@vidio Min ini udah ga ada ya di vidio?","1777947450814443991","","vidio","in","walking on flowery road","0","1","0","https://twitter.com/intoxicatae/status/1777947450814443991","111506687","intoxicatae"
"1777586693769396452","Tue Apr 09 20:07:22 +0000 2024","0","@vidio Ini gmna? https://t.co/6YjSYYkosq","1777790428672332159","https://pbs.twimg.com/media/GKv6-OdXcAAfKtl.jpg","vidio","in","","0","2","0","https://twitter.com/menantuRT24/status/1777790428672332159","1646366800924540929","menantuRT24"
"1777784211325542588","Tue Apr 09 19:45:31 +0000 2024","0","@vidio okay aku dm yah min","1777784928627024159","","vidio","in","bandung.","0","0","0","https://twitter.com/seyay_/status/1777784928627024159","1304051551221161985","seyay_"
"1777784211325542588","Tue Apr 09 19:42:40 +0000 2024","0","@vidio BUTUTTT UCL NYA MACET-MACETAN PADAHAL JARINGAN STABIL ","1777784211325542588","","vidio","in","bandung.","1","1","0","https://twitter.com/seyay_/status/1777784211325542588","1304051551221161985","seyay_"
"1777775167508537648","Tue Apr 09 19:10:45 +0000 2024","0","@vidio sudah saya dm","1777776180999094533","","vidio","in","Mojokerto, Jawa Timur","0","1","0","https://twitter.com/iwakopocyag/status/1777776180999094533","1636562412966125568","iwakopocyag"
"1777772532957053074","Tue Apr 09 18:58:46 +0000 2024","0","@vidio udah ya tinggal di respon makasih","1777773166229938672","","vidio","in","","0","1","0","https://twitter.com/marsiogroup/status/1777773166229938672","194915175","marsiogroup"
"1777772532957053074","Tue Apr 09 18:56:15 +0000 2024","0","@vidio error nih mau nonton ucl https://t.co/jwU28BdZzz","1777772532957053074","https://pbs.twimg.com/media/GKvqsYUbYAQTYGi.jpg","vidio","in","","0","2","0","https://twitter.com/marsiogroup/status/1777772532957053074","194915175","marsiogroup"
"1776989738802819302","Tue Apr 09 18:36:02 +0000 2024","0","@vidio Cek dm gan. Mau nnti UCL ini","1777767441738981401","","vidio","in","","0","1","0","https://twitter.com/Biskuattikan/status/1777767441738981401","1744549330042949632","Biskuattikan"
"1770766303525015664","Tue Apr 09 07:30:43 +0000 2024","0","@vidio saya nonton film HEART Michelle Ziudith di https://t.co/7Jn741EQqq kenapa filmnya tersendat-sendat ya? jadi mengganggu keseruan.","1777600012114948151","","vidio","in","Bandung, Jawa Barat","0","1","0","https://twitter.com/KangAsepr/status/1777600012114948151","825724581893713920","KangAsepr"
"1777388067319599269","Mon Apr 08 17:43:11 +0000 2024","0","@vidio okeeeyyyy terima kasih ","1777391753647321469","","vidio","in","","0","0","0","https://twitter.com/recentaely/status/1777391753647321469","873858425490259968","recentaely"
"1777388067319599269","Mon Apr 08 17:33:36 +0000 2024","0","@vidio yang paket platinum kan yaaa min? apa masuknya ke diamond?","1777389342996189238","","vidio","in","","0","1","0","https://twitter.com/recentaely/status/1777389342996189238","873858425490259968","recentaely"
"1777056698324365523","Sun Apr 07 19:31:47 +0000 2024","0","@vidio tuh service paling sampah di dunia dah kayaknya","1777056698324365523","","vidio","in","","0","1","0","https://twitter.com/Ariandriano/status/1777056698324365523","69010577","Ariandriano"
"1776982436020384214","Sun Apr 07 16:28:48 +0000 2024","0","@vidio sebagai konsumen dibikin kerugian gini?? @YLKI_ID sudah dituduh beli gak resmi pula https://t.co/XmoBA93P4r","1777010647940890632","https://pbs.twimg.com/media/GKk1wzPaUAAHO38.jpg","vidio","in","Denpasar, Bali","0","1","0","https://twitter.com/RichartVolx/status/1777010647940890632","1294524623770406912","RichartVolx"
"1776982436020384214","Sun Apr 07 15:38:26 +0000 2024","0","@vidio udah gw post tuh.. biar puas","1776997974977208725","","vidio","in","Denpasar, Bali","0","1","0","https://twitter.com/RichartVolx/status/1776997974977208725","1294524623770406912","RichartVolx"
"1776982436020384214","Sun Apr 07 15:36:52 +0000 2024","0","@vidio lu pikir gw beli paket sharing !??? tolol udah dijelasin diawal baru hari ini kejadian.. kemaren2 normal udah fitur kurang mahal nuduh beli paket sharing https://t.co/IlisMObcWf","1776997577533386908","https://pbs.twimg.com/media/GKkp3--aAAA8Rpi.jpg","vidio","in","Denpasar, Bali","0","1","0","https://twitter.com/RichartVolx/status/1776997577533386908","1294524623770406912","RichartVolx"
"1776457465913315363","Sat Apr 06 04:00:16 +0000 2024","0","@vidio Cek dm","1776459887566000466","","vidio","tr","Jalan Dewi Sartika","0","0","0","https://twitter.com/fk_hap/status/1776459887566000466","2253231150","fk_hap"
"1776457465913315363","Sat Apr 06 03:50:39 +0000 2024","0","@vidio cek dm","1776457465913315363","","vidio","tr","Jalan Dewi Sartika","0","1","0","https://twitter.com/fk_hap/status/1776457465913315363","2253231150","fk_hap"
"1776272752732996016","Fri Apr 05 15:51:07 +0000 2024","0","@vidio Sudah di email lagi di cek kendalanya dari kemarin. https://t.co/io5gLzTiGM","1776276388099821864","https://pbs.twimg.com/tweet_video_thumb/GKaZ82KbsAAv2e2.jpg","vidio","in","Bandung","0","0","0","https://twitter.com/nasrulakbar/status/1776276388099821864","178417608","nasrulakbar"
"1776188050990846073","Fri Apr 05 12:40:09 +0000 2024","0","@vidio Hari ini aja kah?","1776228331022926162","","vidio","in","üêØü¶äüëëüêªüê∞üê¨ üê≠","0","1","0","https://twitter.com/hrjcats/status/1776228331022926162","957933368250740736","hrjcats"
"1776109260449165761","Fri Apr 05 04:47:00 +0000 2024","0","@vidio kenapa setelah diupdate ke version baru malah muncul masalah drm. untuk tv android yg tidak support bagaimana? ya kalo tidak sulosi yaa apa boleh buat berhenti berlangganan","1776109260449165761","","vidio","in","√úT: -6.18732,106.733738","0","1","0","https://twitter.com/TavriD/status/1776109260449165761","166837713","TavriD"
"1776082572566733052","Fri Apr 05 03:00:57 +0000 2024","0","@vidio ini kenapa ya min? https://t.co/KezDzW9bhN","1776082572566733052","https://pbs.twimg.com/media/GKXprovawAAUT2T.jpg","vidio","in","between six strings","0","2","0","https://twitter.com/sonijabluk/status/1776082572566733052","310949997","sonijabluk"
"1776044228465803507","Fri Apr 05 00:28:36 +0000 2024","0","@vidio ada masalah apasi warriors ga ditayangin di game krusial?","1776044228465803507","","vidio","in","Indonesia","0","1","0","https://twitter.com/jooanney/status/1776044228465803507","1021228376298622977","jooanney"
"1775983182376317204","Thu Apr 04 20:26:01 +0000 2024","0","@vidio admin kenapa saya tidak bisa menonton premier league padahal saya sudah beli ? https://t.co/RJkVXc8S8o","1775983182376317204","https://pbs.twimg.com/media/GKWPSeEb0AA3_g_.jpg","vidio","in","Kalimantan Timur, Indonesia","0","1","0","https://twitter.com/Rizallzzz/status/1775983182376317204","1256062847408173056","Rizallzzz"
"1775974093181116749","Thu Apr 04 19:49:54 +0000 2024","0","@vidio kenapa premier leaguenya muter terus woi yaoloh","1775974093181116749","","vidio","in","","0","1","0","https://twitter.com/arifsidy/status/1775974093181116749","1729725708703080448","arifsidy"
"1775956759875920147","Thu Apr 04 18:41:01 +0000 2024","0","@vidio knp gak bisa nonton lfc njir.. muter¬≤ doang","1775956759875920147","","vidio","in","","0","1","0","https://twitter.com/sandymp17/status/1775956759875920147","2950031436","sandymp17"
"1775106921265246429","Thu Apr 04 16:25:43 +0000 2024","0","@vidio @ahasyari_inet Ini kenapa ya min daritadiiii @vidio https://t.co/lw2sQOLQxS","1775922709752590675","https://pbs.twimg.com/media/GKVYSxwaoAArGjs.jpg","vidio","in","","0","1","0","https://twitter.com/akusetatanpa_n/status/1775922709752590675","1576463446409089027","akusetatanpa_n"
"1775888574552179035","Thu Apr 04 14:10:05 +0000 2024","0","@vidio kak mo tanya Di smart tv sy knp vidio g bs dibuka ya? Biasanya lancar jaya. Sdh sy uninstall dan reinstal ttp tdk bisa. Help please","1775888574552179035","","vidio","in","Malang, Jawa Timur","0","1","0","https://twitter.com/RahmatZubaidi/status/1775888574552179035","305965825","RahmatZubaidi"
"1775887159997960520","Thu Apr 04 14:04:27 +0000 2024","0","@vidio WOEEEEEE LAGI NONTON ANGKAT BEBAN NGEBLAAAANK","1775887159997960520","","vidio","in","","0","1","0","https://twitter.com/followIndoPr0/status/1775887159997960520","76906941","followIndoPr0"
"1775739385256006080","Thu Apr 04 04:17:15 +0000 2024","0","@vidio Min tolong cek DMnya","1775739385256006080","","vidio","in","Bekasi","0","1","0","https://twitter.com/widhi_rino/status/1775739385256006080","2656751684","widhi_rino"
"1775613735761310160","Wed Apr 03 20:05:53 +0000 2024","0","@vidio Sudah bisa min makasih min","1775615729771155753","","vidio","in","Indonesia - Emirates Stadium","0","0","0","https://twitter.com/Gooners_Report/status/1775615729771155753","1617274111","Gooners_Report"
"1775563369145339996","Wed Apr 03 19:18:15 +0000 2024","0","@vidio @netrasamsara min kok saya berlangganan di tv gabisa ya? ada 2 paket yg aktif di akun yg sama mobile dan tv tp pas di tv kok gabisa yah?","1775603740210504139","","vidio","in","Liverpool, England","0","1","0","https://twitter.com/bangbengreza/status/1775603740210504139","857444033735442435","bangbengreza"
"1775433120378187988","Wed Apr 03 08:49:43 +0000 2024","0","@vidio Film atau series nih?","1775445564974661988","","vidio","in","Bogor, Jawa Barat","0","1","0","https://twitter.com/SHadromy/status/1775445564974661988","1358823775362424832","SHadromy"
"1761713639135002624","Tue Apr 02 19:59:23 +0000 2024","0","@vidio @JCIndonesia di video saya gak ada nih min","1775251704944234663","","vidio","in","Jakarta, Indonesia","0","0","0","https://twitter.com/genzed/status/1775251704944234663","130832974","genzed"
"1775106921265246429","Tue Apr 02 19:34:29 +0000 2024","0","@vidio Done cek DM min","1775245436460413128","","vidio","in","Bandung, Indonesia","0","1","0","https://twitter.com/kamalcha08/status/1775245436460413128","17963920","kamalcha08"
"1775106921265246429","Tue Apr 02 19:31:05 +0000 2024","0","@vidio @ahasyari_inet Ini gmn ya drtd ntn premier league gangguan trus play sebntar gangguan teknis terus","1775244583825440950","","vidio","in","Bandung, Indonesia","0","1","0","https://twitter.com/kamalcha08/status/1775244583825440950","17963920","kamalcha08"
"1775106921265246429","Tue Apr 02 12:57:21 +0000 2024","0","@vidio Min ini kualitas video nya kho ga bisa pilih resolusi ya? cuma auto aja apa harus premium kah?","1775145497046728978","","vidio","in","","0","1","0","https://twitter.com/ahasyari_inet/status/1775145497046728978","1028798073302999040","ahasyari_inet"
"1775081451459129393","Tue Apr 02 08:45:47 +0000 2024","0","@vidio Responnya cepet banget makasih min ","1775082187794378869","","vidio","in","","0","0","0","https://twitter.com/EMAGE07/status/1775082187794378869","1714440764342804480","EMAGE07"
"1775034376616886775","Tue Apr 02 05:35:48 +0000 2024","0","@vidio drama 49 days udah ga ada lagi atau gimana nih?","1775034376616886775","","vidio","in","","0","1","0","https://twitter.com/xxalmirangrhn/status/1775034376616886775","115819661","xxalmirangrhn"
"1774598356079382837","Mon Apr 01 01:10:46 +0000 2024","0","@vidio oh gitu.. oke deh min. makasih jawabannya ","1774605291717562623","","vidio","in","in your timeline","0","1","0","https://twitter.com/xjhpp/status/1774605291717562623","104410124","xjhpp"
"1774598356079382837","Mon Apr 01 01:00:38 +0000 2024","0","@vidio beberapa konten pilihan itu yg kae apa utk bisa langsung liat itu utk gold/platinum? soalnya kudu pencet play dulu baru ketauan itu konten platinumnya.","1774602738695098552","","vidio","in","in your timeline","0","1","0","https://twitter.com/xjhpp/status/1774602738695098552","104410124","xjhpp"
"1774598356079382837","Mon Apr 01 00:43:13 +0000 2024","0","@vidio paket vidio gold itu bisa utk akses apa ya min? soalnya konten drakor/movie sejauh ini aku cek semua harus pake platinum. ga ada yg bisa diakses pake gold kah?","1774598356079382837","","vidio","in","in your timeline","0","1","0","https://twitter.com/xjhpp/status/1774598356079382837","104410124","xjhpp"
